date,ending_word_count
2026-02-08,54478
2026-02-09,54328
2026-02-10,55788
2026-02-11,54709
2026-02-12,56384
2026-02-15,58605
2026-02-16,56618
2026-02-17,57074
2026-02-18,57202
2026-02-19,57569
2026-02-20,57586
2026-02-22,57344
2026-02-23,56980
2026-02-24,57065
2026-02-25,57482
2026-02-26,57163
2026-02-27,57150
2026-03-02,56804
2026-03-03,56801
2026-03-05,56782
2026-03-08,56949
2026-03-09,57012
2026-03-11,57102
2026-03-12,57175
2026-03-13,57301
2026-03-14,57624
2026-03-15,57466
2026-03-16,57752
2026-03-18,58301
2026-03-19,58534
2026-03-20,58328
2026-03-21,58364
2026-03-22,57299
2026-03-23,57233
